{
    "loss": 31.680131912231445,
    "accuracy": 0.5686274766921997
}