{
    "loss": 62.52571105957031,
    "accuracy": 0.5686274766921997
}